{
    "round_1": {
        "ACC": 0.9814814814814815,
        "TPR": 0.9813953488372092,
        "FPR": 0.004627628382340621,
        "F1_score": 0.9812531328320802
    },
    "round_2": {
        "ACC": 0.9861111111111112,
        "TPR": 0.9860465116279069,
        "FPR": 0.00346988355533216,
        "F1_score": 0.9859601328903654
    },
    "round_3": {
        "ACC": 0.9861111111111112,
        "TPR": 0.9860465116279069,
        "FPR": 0.00346988355533216,
        "F1_score": 0.9859992405255562
    },
    "round_4": {
        "ACC": 0.9861111111111112,
        "TPR": 0.9860465116279069,
        "FPR": 0.00346988355533216,
        "F1_score": 0.9859992405255562
    },
    "round_5": {
        "ACC": 0.9861111111111112,
        "TPR": 0.9860465116279069,
        "FPR": 0.00346988355533216,
        "F1_score": 0.9859992405255562
    },
    "round_6": {
        "ACC": 0.9861111111111112,
        "TPR": 0.9860465116279069,
        "FPR": 0.00346988355533216,
        "F1_score": 0.9859992405255562
    },
    "round_7": {
        "ACC": 0.9861111111111112,
        "TPR": 0.9860465116279069,
        "FPR": 0.00346988355533216,
        "F1_score": 0.9859992405255562
    },
    "round_8": {
        "ACC": 0.9861111111111112,
        "TPR": 0.9860465116279069,
        "FPR": 0.00346988355533216,
        "F1_score": 0.9859992405255562
    },
    "round_9": {
        "ACC": 0.9861111111111112,
        "TPR": 0.9860465116279069,
        "FPR": 0.00346988355533216,
        "F1_score": 0.9859992405255562
    },
    "round_10": {
        "ACC": 0.9861111111111112,
        "TPR": 0.9860465116279069,
        "FPR": 0.00346988355533216,
        "F1_score": 0.9859992405255562
    },
    "round_11": {
        "ACC": 0.9861111111111112,
        "TPR": 0.9860465116279069,
        "FPR": 0.00346988355533216,
        "F1_score": 0.9859992405255562
    },
    "round_12": {
        "ACC": 0.9861111111111112,
        "TPR": 0.9860465116279069,
        "FPR": 0.00346988355533216,
        "F1_score": 0.9859992405255562
    },
    "round_13": {
        "ACC": 0.9861111111111112,
        "TPR": 0.9860465116279069,
        "FPR": 0.00346988355533216,
        "F1_score": 0.9859992405255562
    },
    "round_14": {
        "ACC": 0.9861111111111112,
        "TPR": 0.9860465116279069,
        "FPR": 0.00346988355533216,
        "F1_score": 0.9859992405255562
    },
    "round_15": {
        "ACC": 0.9861111111111112,
        "TPR": 0.9860465116279069,
        "FPR": 0.00346988355533216,
        "F1_score": 0.9859992405255562
    },
    "round_16": {
        "ACC": 0.9861111111111112,
        "TPR": 0.9860465116279069,
        "FPR": 0.00346988355533216,
        "F1_score": 0.9859992405255562
    },
    "round_17": {
        "ACC": 0.9861111111111112,
        "TPR": 0.9860465116279069,
        "FPR": 0.00346988355533216,
        "F1_score": 0.9859992405255562
    },
    "round_18": {
        "ACC": 0.9861111111111112,
        "TPR": 0.9860465116279069,
        "FPR": 0.00346988355533216,
        "F1_score": 0.9859992405255562
    },
    "round_19": {
        "ACC": 0.9861111111111112,
        "TPR": 0.9860465116279069,
        "FPR": 0.00346988355533216,
        "F1_score": 0.9859992405255562
    },
    "round_20": {
        "ACC": 0.9861111111111112,
        "TPR": 0.9860465116279069,
        "FPR": 0.00346988355533216,
        "F1_score": 0.9859992405255562
    },
    "round_21": {
        "ACC": 0.9861111111111112,
        "TPR": 0.9860465116279069,
        "FPR": 0.00346988355533216,
        "F1_score": 0.9859992405255562
    },
    "round_22": {
        "ACC": 0.9861111111111112,
        "TPR": 0.9860465116279069,
        "FPR": 0.00346988355533216,
        "F1_score": 0.9859992405255562
    },
    "round_23": {
        "ACC": 0.9861111111111112,
        "TPR": 0.9860465116279069,
        "FPR": 0.00346988355533216,
        "F1_score": 0.9859992405255562
    },
    "round_24": {
        "ACC": 0.9861111111111112,
        "TPR": 0.9860465116279069,
        "FPR": 0.00346988355533216,
        "F1_score": 0.9859992405255562
    },
    "round_25": {
        "ACC": 0.9861111111111112,
        "TPR": 0.9860465116279069,
        "FPR": 0.00346988355533216,
        "F1_score": 0.9859992405255562
    },
    "round_26": {
        "ACC": 0.9861111111111112,
        "TPR": 0.9860465116279069,
        "FPR": 0.00346988355533216,
        "F1_score": 0.9859992405255562
    },
    "round_27": {
        "ACC": 0.9861111111111112,
        "TPR": 0.9860465116279069,
        "FPR": 0.00346988355533216,
        "F1_score": 0.9859992405255562
    },
    "round_28": {
        "ACC": 0.9861111111111112,
        "TPR": 0.9860465116279069,
        "FPR": 0.00346988355533216,
        "F1_score": 0.9859992405255562
    },
    "round_29": {
        "ACC": 0.9861111111111112,
        "TPR": 0.9860465116279069,
        "FPR": 0.00346988355533216,
        "F1_score": 0.9859992405255562
    },
    "round_30": {
        "ACC": 0.9861111111111112,
        "TPR": 0.9860465116279069,
        "FPR": 0.00346988355533216,
        "F1_score": 0.9859992405255562
    }
}